年份,編號,中文名稱,英文名稱,侵臺路徑分類,警報期間,近臺強度,生命期近中心最低氣壓(hPa),近臺近中心最大風速(m/s),近臺7級風暴風半徑,近臺10級風暴風半徑,警報發布報數
2015,201510,蓮花,LINFA,---,"2015-07-06 08:30
2015-07-09 05:30",輕度,975,30,120,30,24
2015,201509,昌鴻,CHAN-HOM,---,"2015-07-09 05:30
2015-07-11 11:30",中度,935,48,280,100,19
2015,201506,紅霞,NOUL,---,"2015-05-10 08:30
2015-05-11 20:30",強烈,925,51,200,80,13
2014,201416,鳳凰,FUNG-WONG,特殊,"2014-09-19 08:30
2014-09-22 08:30",輕度,985,25,150,---,25
2014,201410,麥德姆,MATMO,3,"2014-07-21 17:30
2014-07-23 23:30",中度,960,38,200,80,19
2014,201407,哈吉貝,HAGIBIS,---,"2014-06-14 23:30
2014-06-15 17:30",輕度,992,20,100,---,7
2013,201323,菲特,FITOW,1,"2013-10-04 23:30
2013-10-07 08:30",中度,960,38,250,80,20
2013,201319,天兔,USAGI,5,"2013-09-19 23:30
2013-09-22 14:30",強烈,910,55,280,120,22
2013,201315,康芮,KONG-REY,6,"2013-08-27 11:30
2013-08-29 20:30",輕度,985,25,120,---,20
2013,201312,潭美,TRAMI,1,"2013-08-20 11:30
2013-08-22 08:30",輕度,970,30,180,50,16
2013,201308,西馬隆,CIMARON,---,"2013-07-17 10:30
2013-07-18 11:30",輕度,998,18,100,---,10
2013,201307,蘇力,SOULIK,2,"2013-07-11 08:30
2013-07-13 23:30",強烈,925,51,280,100,22
2012,201217,杰拉華,JELAWAT,---,"2012-09-27 02:30
2012-09-28 20:30",強烈,910,55,250,100,15
2012,201214,天秤,TEMBIN,特殊,"2012-08-21 14:30
2012-08-25 14:30",中度,945,45,180,50,33
,,,,,"2012-08-26 11:30
2012-08-28 23:30",中度,945,35,180,50,21
2012,201213,啟德,KAI-TAK,---,"2012-08-14 14:30
2012-08-15 17:30",輕度,995,20,150,---,10
2012,201211,海葵,HAIKUI,---,"2012-08-06 11:30
2012-08-07 17:30",中度,960,35,180,50,11
2012,201209,蘇拉,SAOLA,2,"2012-07-30 20:30
2012-08-03 14:30",中度,960,38,220,80,31
2012,201206,杜蘇芮,DOKSURI,---,"2012-06-28 05:30
2012-06-29 08:30",輕度,995,23,120,---,10
2012,201205,泰利,TALIM,9,"2012-06-19 05:30
2012-06-21 05:30",輕度,985,25,150,---,17
2011,201111,南瑪都,NANMADOL,4,"2011-08-27 05:30
2011-08-31 08:30",強烈,920,53,180,50,34
2011,201109,梅花,MUIFA,---,"2011-08-04 17:30
2011-08-06 11:30",中度,928,43,280,100,15
2011,201105,米雷,MEARI,---,"2011-06-23 23:30
2011-06-25 14:30",輕度,982,28,200,---,14
2011,201102,桑達,SONGDA,---,"2011-05-27 02:30
2011-05-28 14:30",強烈,920,55,200,100,13
2011,201101,艾利,AERE,---,"2011-05-09 05:30
2011-05-10 17:30",輕度,990,23,150,---,13
2010,201013,梅姬,MEGI,9,"2010-10-21 02:30
2010-10-23 23:30",中度,935,48,250,100,24
2010,201011,凡那比,FANAPI,4,"2010-09-17 23:30
2010-09-20 14:30",中度,940,45,200,80,22
2010,201010,莫蘭蒂,MERANTI,---,"2010-09-09 10:00
2010-09-10 11:30",輕度,990,23,100,---,10
2010,201008,南修,NAMTHEUN,---,"2010-08-30 22:30
2010-08-31 20:30",輕度,995,18,80,---,9
2010,201006,萊羅克,LIONROCK,9,"2010-08-31 20:30
2010-09-02 14:30",輕度,990,23,100,---,15
2009,200917,芭瑪,PARMA,特殊,"2009-10-03 05:30
2009-10-06 17:30",中度,920,43,250,80,29
2009,200908,莫拉克,MORAKOT,3,"2009-08-05 20:30
2009-08-10 05:30",中度,955,40,250,100,36
2009,200906,莫拉菲,MOLAVE,---,"2009-07-16 22:00
2009-07-18 08:30",輕度,978,28,100,---,13
2009,200903,蓮花,LINFA,9,"2009-06-19 20:30
2009-06-22 08:30",輕度,980,28,150,---,21
2008,200815,薔蜜,JANGMI,2,"2008-09-26 23:30
2008-09-29 23:30",強烈,925,53,280,100,25
2008,200814,哈格比,HAGUPIT,---,"2008-09-21 14:30
2008-09-23 08:30",中度,940,45,280,100,15
2008,200813,辛樂克,SINLAKU,2,"2008-09-11 08:30
2008-09-16 14:30",強烈,925,51,250,100,43
2008,200812,如麗,NURI,---,"2008-08-19 11:30
2008-08-21 08:30",中度,955,40,220,80,16
2008,200808,鳳凰,FUNG-WONG,3,"2008-07-26 11:30
2008-07-29 11:30",中度,948,43,220,80,25
2008,200807,卡玫基,KALMAEGI,2,"2008-07-16 14:30
2008-07-18 23:30",中度,970,33,120,50,20
2007,200723,米塔,MITAG,---,"2007-11-26 05:30
2007-11-27 11:30",中度,955,35,200,80,11
2007,200715,柯羅莎,KROSA,2,"2007-10-04 17:30
2007-10-07 23:30",強烈,925,51,300,120,27
2007,200712,韋帕,WIPHA,1,"2007-09-17 05:30
2007-09-19 08:30",中度,935,48,200,80,18
2007,200708,聖帕,SEPAT,3,"2007-08-16 08:30
2007-08-19 14:30",強烈,920,53,250,100,27
2007,200707,梧提,WUTIP,3,"2007-08-08 11:30
2007-08-09 11:30",輕度,992,18,100,---,9
2007,200706,帕布,PABUK,4,"2007-08-06 23:30
2007-08-08 14:30",輕度,980,28,150,---,14
2006,200613,珊珊,SHANSHAN,---,"2006-09-14 14:30
2006-09-16 14:30",中度,945,48,200,80,17
2006,200609,寶發,BOPHA,4,"2006-08-07 20:30
2006-08-09 14:30",輕度,985,23,120,---,15
2006,200608,桑美,SAOMAI,---,"2006-08-09 02:30
2006-08-10 23:30",中度,935,48,180,80,16
2006,200605,凱米,KAEMI,3,"2006-07-23 14:30
2006-07-26 02:30",中度,960,38,200,80,21
2006,200604,碧利斯,BILIS,2,"2006-07-12 02:30
2006-07-15 02:30",輕度,978,25,300,---,25
2006,200603,艾維尼,EWINIAR,---,"2006-07-07 23:30
2006-07-09 05:30",中度,925,43,300,80,11
2006,200601,珍珠,CHANCHU,9,"2006-05-16 17:30
2006-05-18 17:30",中度,943,45,300,100,17
2005,200519,龍王,LONGWANG,3,"2005-09-30 20:30
2005-10-03 08:30",強烈,925,51,200,80,21
2005,200518,丹瑞,DAMREY,---,"2005-09-21 10:30
2005-09-23 08:30",輕度,955,25,200,---,17
2005,200515,卡努,KHANUN,---,"2005-09-09 17:30
2005-09-11 14:30",中度,950,43,200,80,16
2005,200513,泰利,TALIM,3,"2005-08-30 08:30
2005-09-01 23:30",強烈,920,53,250,100,22
2005,200510,珊瑚,SANVU,---,"2005-08-11 16:00
2005-08-13 20:30",輕度,985,25,200,---,19
2005,200509,馬莎,MATSA,1,"2005-08-03 08:30
2005-08-06 08:30",中度,955,40,250,80,25
2005,200505,海棠,HAITANG,3,"2005-07-16 14:30
2005-07-20 02:30",強烈,912,55,280,120,29
2004,200427,南瑪都,NANMADOL,9,"2004-12-03 02:30
2004-12-04 14:30",中度,940,38,250,80,13
2004,200424,納坦,NOCK-TEN,6,"2004-10-23 20:30
2004-10-26 02:30",中度,945,43,250,100,19
2004,200421,米雷,MEARI,---,"2004-09-26 08:30
2004-09-27 14:30",中度,940,40,200,80,11
2004,200420,海馬,HAIMA,6,"2004-09-11 23:30
2004-09-13 08:30",輕度,998,18,100,---,12
2004,200417,艾利,AERE,1,"2004-08-23 02:30
2004-08-26 11:30",中度,960,38,200,50,28
2004,200413,蘭寧,RANANIM,---,"2004-08-10 23:30
2004-08-13 02:30",中度,955,40,250,100,18
2004,200409,康柏斯,KOMPASU,---,"2004-07-14 09:30
2004-07-15 11:30",輕度,995,20,100,---,10
2004,200407,敏督利,MINDULLE,6,"2004-06-28 17:30
2004-07-03 11:30",中度,942,45,250,100,39
2004,200404,康森,CONSON,---,"2004-06-07 17:30
2004-06-09 23:30",中度,970,33,150,50,19
2003,200319,米勒,MELOR,8,"2003-11-02 05:30
2003-11-03 23:30",輕度,975,25,150,---,15
2003,200313,杜鵑,DUJUAN,5,"2003-08-31 12:30
2003-09-02 17:30",中度,950,43,250,100,19
2003,200312,科羅旺,KROVANH,---,"2003-08-22 08:30
2003-08-23 14:30",中度,970,33,250,100,11
2003,200311,梵高,VAMCO,---,"2003-08-19 12:30
2003-08-20 11:30",輕度,998,18,100,---,9
2003,200309,莫拉克,MORAKOT,4,"2003-08-02 17:30
2003-08-04 23:30",輕度,990,23,100,---,19
2003,200307,尹布都,IMBUDO,---,"2003-07-21 20:30
2003-07-23 14:30",中度,935,48,300,120,15
2003,200306,蘇迪勒,SOUDELOR,---,"2003-06-16 15:30
2003-06-18 17:30",中度,960,38,200,50,18
2003,200305,南卡,NANGKA,---,"2003-06-01 20:30
2003-06-03 02:30",輕度,990,23,100,---,11
2003,200302,柯吉拉,KUJIRA,---,"2003-04-21 05:30
2003-04-24 20:30",中度,925,43,250,100,30
2002,200216,辛樂克,SINLAKU,1,"2002-09-04 05:15
2002-09-08 05:50",中度,950,40,300,100,33
2002,200208,娜克莉,NAKRI,9,"2002-07-09 05:50
2002-07-10 23:05",輕度,987,18,80,---,15
2002,200205,雷馬遜,RAMMASUN,---,"2002-07-02 14:45
2002-07-04 17:25",中度,950,45,300,100,18
2001,200121,海燕,HAIYAN,---,"2001-10-15 08:15
2001-10-16 23:15",中度,965,35,250,100,14
2001,200119,利奇馬,LEKIMA,4,"2001-09-23 20:30
2001-09-28 09:10",中度,965,35,180,50,37
2001,200116,納莉,NARI,特殊,"2001-09-08 23:50
2001-09-10 09:00",中度,960,40,150,50,12
,,,,,"2001-09-13 15:00
2001-09-19 23:05",中度,960,40,150,50,52
2001,200108,桃芝,TORAJI,3,"2001-07-28 05:25
2001-07-31 14:35",中度,962,38,250,100,28
2001,200107,玉兔,YUTU,---,"2001-07-23 20:10
2001-07-24 17:20",輕度,962,30,150,---,8
2001,200105,潭美,TRAMI,4,"2001-07-10 09:40
2001-07-11 21:00",輕度,995,20,80,---,13
2001,200104,尤特,UTOR,5,"2001-07-03 14:45
2001-07-05 23:10",中度,960,38,350,120,20
2001,200102,奇比,CHEBI,7,"2001-06-22 03:00
2001-06-24 08:20",中度,965,35,200,80,19
2001,200101,西馬隆,CIMARON,8,"2001-05-11 11:15
2001-05-13 20:05",輕度,990,23,150,---,20
2000,200021,貝碧佳,BEBINCA,---,"2000-11-06 10:15
2000-11-07 08:55",輕度,970,28,200,---,9
2000,200020,象神,XANGSANE,6,"2000-10-30 20:15
2000-11-01 20:05",中度,960,38,250,100,17
2000,200019,雅吉,YAGI,---,"2000-10-23 20:20
2000-10-26 08:50",中度,970,33,180,50,21
2000,200015,寶發,BOPHA,特殊,"2000-09-08 15:15
2000-09-10 15:00",輕度,990,23,180,---,17
2000,200012,巴比侖,PRAPIROON,6,"2000-08-27 20:45
2000-08-30 14:20",中度,965,33,250,---,23
2000,200010,碧利斯,BILIS,3,"2000-08-21 08:25
2000-08-23 20:05",強烈,930,53,300,120,21
2000,200004,啟德,KAI-TAK,6,"2000-07-06 11:43
2000-07-10 03:00",中度,965,35,150,50,30
1999,199920,丹恩,DAN,7,"1999-10-04 14:15
1999-10-09 20:10",中度,968,38,250,80,43
1999,199911,山姆,SAM,---,"1999-08-19 20:15
1999-08-21 23:26",輕度,970,30,200,---,18
1999,199906,瑪姬,MAGGIE,5,"1999-06-04 14:30
1999-06-06 22:24",中度,965,38,250,100,20
1998,199812,芭比絲,BABS,9,"1998-10-25 20:40
1998-10-27 23:05",中度,950,35,250,100,18
1998,199810,瑞伯,ZEB,6,"1998-10-13 14:20
1998-10-17 06:45",強烈,920,55,350,150,30
1998,199809,楊妮,YANNI,6,"1998-09-27 23:30
1998-09-29 14:45",輕度,975,25,100,---,14
1998,199802,奧托,OTTO,3,"1998-08-03 09:45
1998-08-05 09:00",輕度,985,30,150,---,17
1998,199801,妮蔻兒,NICHOLE,9,"1998-07-09 05:55
1998-07-10 09:45",輕度,998,18,100,---,10
1997,199726,艾文,IVAN,---,"1997-10-19 20:25
1997-10-21 17:10",強烈,905,55,250,100,16
1997,199719,卡絲,CASS,---,"1997-08-29 23:40
1997-08-30 20:20",輕度,995,20,100,---,8
1997,199717,安珀,AMBER,3,"1997-08-27 08:35
1997-08-30 02:35",中度,945,48,250,100,23
1997,199714,溫妮,WINNIE,1,"1997-08-16 14:35
1997-08-19 03:00",中度,905,43,300,100,21
1996,199623,薩恩,ZANE,---,"1996-09-27 14:55
1996-09-28 20:25",中度,955,43,200,80,11
1996,199620,魏萊特,VIOLET,---,"1996-09-15 20:30
1996-09-16 21:00",強烈,940,51,300,120,9
1996,199618,莎莉,SALLY,---,"1996-09-07 09:00
1996-09-08 17:45",中度,950,48,250,80,12
1996,199612,麗莎,LISA,---,"1996-08-06 16:40
1996-08-07 05:40",輕度,993,20,100,---,6
1996,199608,賀伯,HERB,2,"1996-07-29 11:30
1996-08-01 23:20",強烈,920,53,350,150,29
1996,199607,葛樂禮,GLORIA,7,"1996-07-24 11:45
1996-07-27 15:30",中度,965,35,250,80,26
1996,199603,凱姆,CAM,8,"1996-05-20 21:35
1996-05-23 18:00",輕度,995,20,150,---,24
1995,199515,賴恩,RYAN,8,"1995-09-20 17:05
1995-09-23 12:15",中度,955,45,300,100,23
1995,199509,肯特,KENT,5,"1995-08-27 17:10
1995-08-31 14:45",中度,955,45,200,100,32
1995,199508,珍妮絲,JANIS,---,"1995-08-23 17:55
1995-08-24 21:25",輕度,990,23,120,---,10
1995,199506,海倫,HELEN,---,"1995-08-09 11:50
1995-08-11 06:15",輕度,980,23,120,---,15
1995,199505,蓋瑞,GARY,7,"1995-07-31 03:55
1995-07-31 20:45",輕度,980,28,150,---,7
1995,199502,荻安娜,DEANNA,9,"1995-06-04 16:30
1995-06-08 14:50",輕度,995,20,120,---,33
1994,199427,席斯,SETH,6,"1994-10-07 14:45
1994-10-11 05:40",強烈,925,51,350,150,30
1994,199416,葛拉絲,GLADYS,2,"1994-08-31 02:35
1994-09-02 02:30",中度,970,35,200,100,18
1994,199415,弗雷特,FRED,1,"1994-08-19 02:35
1994-08-22 05:50",強烈,935,55,350,150,26
1994,199413,道格,DOUG,6,"1994-08-06 09:10
1994-08-09 06:15",強烈,930,58,350,150,24
1994,199412,凱特琳,CAITLIN,3,"1994-08-03 06:15
1994-08-04 14:30",輕度,987,25,120,---,12
1994,199405,提姆,TIM,3,"1994-07-09 10:20
1994-07-11 15:40",強烈,945,53,250,120,10
1993,199316,亞伯,ABE,5,"1993-09-10 21:30
1993-09-14 09:10",中度,950,43,150,50,15
1993,199314,楊希,YANCY,---,"1993-08-31 21:30
1993-09-02 16:00",強烈,935,51,250,120,8
1993,199311,塔莎,TASHA,---,"1993-08-17 16:10
1993-08-19 09:40",輕度,975,25,200,---,8
1992,199219,泰德,TED,6,"1992-09-20 10:15
1992-09-23 14:55",輕度,985,30,200,50,14
1992,199216,寶莉,POLLY,3,"1992-08-27 11:40
1992-08-31 09:40",輕度,975,23,200,---,17
1992,199215,歐馬,OMAR,3,"1992-09-03 08:50
1992-09-05 17:45",中度,945,40,200,100,11
1992,199213,馬克,MARK,---,"1992-08-16 16:40
1992-08-19 15:10",輕度,988,20,100,---,13
1992,199202,芭比,BOBBIE,---,"1992-06-26 15:30
1992-06-28 21:10",中度,948,48,200,100,10
1991,199124,席斯,SETH,---,"1991-11-12 21:45
1991-11-14 15:00",中度,920,33,250,100,8
1991,199123,露絲,RUTH,---,"1991-10-26 09:50
1991-10-30 09:30",強烈,910,58,350,150,17
1991,199120,耐特,NAT,特殊,"1991-09-22 10:45
1991-09-24 18:30",強烈,945,51,200,80,11
,,,,,"1991-09-30 10:45
1991-10-02 06:30",輕度,945,30,150,50,9
1991,199119,密瑞兒,MIREILLE,---,"1991-09-25 08:30
1991-09-27 06:30",強烈,925,53,300,150,9
1991,199111,愛麗,ELLIE,2,"1991-08-16 03:30
1991-08-18 20:10",中度,965,33,150,50,12
1991,199108,布籃登,BRENDAN,---,"1991-07-22 16:10
1991-07-23 18:30",中度,978,33,250,100,6
1991,199107,艾美,AMY,5,"1991-07-17 16:00
1991-07-19 21:10",強烈,950,51,300,180,10
1990,199018,艾德,ED,---,"1990-09-14 02:40
1990-09-15 10:00",中度,960,33,200,50,6
1990,199017,黛特,DOT,3,"1990-09-06 09:50
1990-09-08 21:10",中度,960,38,350,100,11
1990,199015,蓓琪,BECKY,---,"1990-08-26 04:40
1990-08-27 09:20",輕度,970,30,250,80,6
1990,199014,亞伯,ABE,1,"1990-08-29 09:20
1990-08-31 09:10",中度,955,45,250,120,9
1990,199012,楊希,YANCY,2,"1990-08-17 09:50
1990-08-20 15:30",中度,960,40,200,100,14
1990,199007,蘿繽,ROBYN,---,"1990-07-09 10:40
1990-07-10 21:00",輕度,990,20,150,---,7
1990,199006,波西,PERCY,---,"1990-06-26 16:00
1990-06-30 09:00",強烈,950,51,250,120,16
1990,199005,歐菲莉,OFELIA,6,"1990-06-21 16:00
1990-06-24 15:10",中度,968,38,200,100,13
1990,199003,瑪麗安,MARIAN,9,"1990-05-18 09:30
1990-05-19 14:50",中度,960,40,250,100,6
1989,198923,安吉菈,ANGELA,---,"1989-10-05 09:30
1989-10-07 09:40",強烈,930,67,250,120,9
1989,198921,薇拉,VERA,---,"1989-09-14 15:40
1989-09-15 20:30",輕度,985,25,200,---,6
1989,198919,莎拉,SARAH,3,"1989-09-08 09:50
1989-09-13 20:30",強烈,952,51,300,150,23
1989,198913,羅拉,LOLA,---,"1989-07-31 21:30
1989-08-03 09:10",輕度,980,28,250,---,11
1989,198909,賀璞,HOPE,---,"1989-07-18 09:20
1989-07-19 15:00",輕度,990,25,150,---,6
1989,198908,戈登,GORDON,---,"1989-07-15 09:35
1989-07-17 21:20",強烈,920,65,300,150,11
1989,198903,白蘭黛,BRENDA,---,"1989-05-18 15:00
1989-05-20 14:35",中度,970,35,200,80,9
1988,198822,魯碧,RUBY,---,"1988-10-25 16:00
1988-10-27 09:15",中度,916,48,300,150,8
1988,198821,派特,PAT,---,"1988-10-19 15:50
1988-10-21 09:00",中度,968,38,200,50,8
1988,198820,歐黛莎,ODESSA,---,"1988-10-12 15:50
1988-10-14 03:40",輕度,954,25,150,---,7
1988,198819,尼爾森,NELSON,---,"1988-10-03 21:15
1988-10-06 03:40",強烈,898,63,300,120,10
1988,198817,李尹,LEE,---,"1988-09-23 09:50
1988-09-24 09:45",輕度,984,28,150,50,5
1988,198816,克蒂,KIT,---,"1988-09-21 10:15
1988-09-22 09:05",輕度,984,28,150,50,5
1988,198805,華倫,WARREN,---,"1988-07-17 08:45
1988-07-19 21:00",強烈,927,55,250,120,11
1988,198802,蘇珊,SUSAN,9,"1988-05-31 21:15
1988-06-02 20:55",中度,963,40,150,50,9
1987,198720,琳恩,LYNN,5,"1987-10-22 16:05
1987-10-27 09:50",強烈,898,53,400,150,20
1987,198714,傑魯得,GERALD,5,"1987-09-07 16:10
1987-09-11 03:55",強烈,937,51,300,150,15
1987,198711,黛納,DINAH,---,"1987-08-27 15:15
1987-08-30 08:30",強烈,910,62,400,200,12
1987,198710,凱瑞,CARY,---,"1987-08-15 09:40
1987-08-19 03:20",中度,968,38,200,80,16
1987,198708,亞力士,ALEX,6,"1987-07-25 15:10
1987-07-27 21:35",中度,976,35,250,100,10
1987,198706,費南,VERNON,6,"1987-07-19 15:15
1987-07-22 04:25",中度,981,33,200,120,11
1987,198705,賽洛瑪,THELMA,---,"1987-07-11 10:00
1987-07-15 04:10",強烈,911,60,350,150,16
1986,198617,艾倫,ELLEN,---,"1986-10-14 14:50
1986-10-17 20:35",中度,970,40,250,80,14
1986,198613,艾貝,ABBY,3,"1986-09-16 09:50
1986-09-20 15:25",強烈,943,51,400,200,18
1986,198612,韋恩,WAYNE,特殊,"1986-08-20 20:50
1986-08-23 15:15",中度,951,38,200,100,12
,,,,,"1986-08-24 08:10
1986-08-25 04:35",輕度,951,28,120,---,4
,,,,,"1986-08-28 15:25
1986-09-03 20:35",中度,951,40,150,50,26
1986,198611,薇拉,VERA,---,"1986-08-25 09:55
1986-08-27 15:58",中度,923,45,400,200,10
1986,198609,莎拉,SARAH,---,"1986-08-01 09:20
1986-08-03 09:50",輕度,986,23,150,---,9
1986,198607,佩姬,PEGGY,5,"1986-07-07 09:00
1986-07-11 15:15",強烈,900,70,400,200,18
1986,198605,南施,NANCY,6,"1986-06-22 15:25
1986-06-24 15:00",中度,955,38,200,50,9
1985,198519,白蘭黛,BRENDA,6,"1985-10-02 16:05
1985-10-05 04:00",中度,964,45,300,150,11
1985,198516,衛奧,VAL,5,"1985-09-15 16:00
1985-09-17 21:15",輕度,992,25,150,---,11
1985,198515,蒂絲,TESS,---,"1985-09-03 16:00
1985-09-05 04:00",中度,967,33,200,50,7
1985,198512,派特,PAT,---,"1985-08-27 15:30
1985-08-30 09:40",中度,961,35,250,100,12
1985,198510,尼爾森,NELSON,1,"1985-08-20 15:30
1985-08-24 04:35",中度,961,48,300,120,15
1985,198506,傑夫,JEFF,1,"1985-07-28 09:00
1985-07-30 20:50",中度,967,35,200,80,11
1985,198504,海爾,HAL,5,"1985-06-21 09:50
1985-06-24 04:00",中度,955,48,350,250,12
1984,198425,比爾,BILL,---,"1984-11-17 15:00
1984-11-18 21:00",強烈,910,51,200,100,6
1984,198412,裘恩,JUNE,5,"1984-08-28 16:10
1984-08-31 04:00",輕度,983,32,250,---,11
1984,198410,郝麗,HOLLY,6,"1984-08-17 15:00
1984-08-19 21:30",中度,964,35,350,200,10
1984,198409,傑魯得,GERALD,---,"1984-08-16 15:00
1984-08-19 09:50",輕度,985,28,180,---,12
1984,198408,芙瑞達,FREDA,2,"1984-08-06 15:10
1984-08-08 09:40",輕度,982,25,200,---,8
1984,198403,亞力士,ALEX,6,"1984-07-02 21:00
1984-07-04 09:00",中度,980,35,150,80,8
1984,198402,魏恩,WYNNE,4,"1984-06-21 14:45
1984-06-24 14:25",輕度,982,28,150,---,13
1983,198310,佛瑞特,FORREST,---,"1983-09-23 21:10
1983-09-27 04:30",強烈,883,65,400,200,14
1983,198309,艾倫,ELLEN,5,"1983-09-05 21:00
1983-09-08 09:10",強烈,928,63,250,120,11
1983,198305,艾貝,ABBY,---,"1983-08-09 16:00
1983-08-13 04:30",強烈,888,67,400,200,15
1983,198304,韋恩,WAYNE,5,"1983-07-23 15:30
1983-07-25 20:50",強烈,920,63,250,120,10
1982,198223,南施,NANCY,---,"1982-10-14 08:50
1982-10-15 14:40",強烈,933,58,200,100,6
1982,198220,肯恩,KEN,---,"1982-09-18 15:20
1982-09-22 20:10",強烈,936,55,250,120,18
1982,198215,費依,FAYE,---,"1982-08-26 03:15
1982-08-27 08:55",輕度,961,25,100,---,6
1982,198213,黛特,DOT,4,"1982-08-13 09:40
1982-08-15 20:30",中度,966,33,200,100,11
1982,198212,西仕,CECIL,6,"1982-08-06 10:10
1982-08-10 21:30",強烈,920,55,220,140,20
1982,198210,安迪,ANDY,4,"1982-07-26 15:40
1982-07-30 09:10",強烈,915,60,300,100,16
1982,198207,蒂絲,TESS,---,"1982-07-01 15:30
1982-07-02 09:20",輕度,990,18,100,---,4
1981,198125,伊瑪,IRMA,---,"1981-11-25 09:45
1981-11-26 21:15",輕度,902,28,200,---,7
1981,198123,蓋依,GAY,---,"1981-10-20 14:00
1981-10-21 09:00",中度,947,45,300,100,4
1981,198119,葛萊拉,CLARA,5,"1981-09-19 09:45
1981-09-22 04:00",強烈,924,58,250,100,12
1981,198117,艾妮絲,AGNES,1,"1981-08-29 16:00
1981-08-31 15:00",中度,947,47,300,120,9
1981,198108,莫瑞,MAURY,1,"1981-07-18 15:50
1981-07-20 08:15",輕度,985,30,180,30,8
1981,198105,裘恩,JUNE,6,"1981-06-18 15:10
1981-06-21 10:00",中度,965,38,250,60,12
1981,198104,艾克,IKE,9,"1981-06-12 15:00
1981-06-14 04:45",輕度,967,30,150,30,8
1980,198021,貝蒂,BETTY,---,"1980-11-06 04:40
1980-11-07 04:00",輕度,928,23,150,---,5
1980,198019,魏恩,WYNNE,---,"1980-10-10 15:30
1980-10-13 04:00",強烈,890,65,300,100,11
1980,198014,珀西,PERCY,4,"1980-09-15 15:00
1980-09-19 03:00",強烈,919,60,250,100,15
1980,198012,諾瑞斯,NORRIS,2,"1980-08-26 15:30
1980-08-28 14:30",中度,950,43,250,60,9
1980,198009,開梅,KIM,---,"1980-07-25 10:00
1980-07-27 14:30",中度,908,45,250,100,10
1980,198007,艾達,IDA,5,"1980-07-08 14:30
1980-07-11 15:15",輕度,980,30,200,40,13
1980,198005,喬琪亞,GEORGIA,---,"1980-05-23 15:30
1980-05-25 04:45",輕度,985,28,150,50,7
1979,197919,狄普,TIP,---,"1979-10-15 16:00
1979-10-18 14:10",強烈,870,58,450,200,13
1979,197915,奧文,OWEN,---,"1979-09-25 21:00
1979-09-27 09:30",強烈,920,53,300,120,7
1979,197910,茱迪,JUDY,---,"1979-08-22 05:00
1979-08-24 10:00",強烈,910,58,250,100,10
1979,197909,歐敏,IRVING,6,"1979-08-12 15:00
1979-08-16 05:40",中度,955,40,400,120,15
1979,197908,賀璞,HOPE,5,"1979-07-31 16:15
1979-08-02 15:05",強烈,895,67,300,110,9
1979,197907,戈登,GORDON,---,"1979-07-27 10:10
1979-07-29 09:20",輕度,970,28,200,50,9
1979,197905,艾勒士,ELLIS,---,"1979-07-03 16:45
1979-07-05 09:30",中度,950,45,250,100,8
1978,197823,婀拉,ORA,6,"1978-10-11 15:30
1978-10-14 09:00",中度,940,40,200,70,12
1978,197812,黛拉,DELLA,2,"1978-08-12 15:40
1978-08-13 15:00",輕度,985,20,150,---,5
1978,197811,卡門,CARMEN,---,"1978-08-15 08:30
1978-08-16 15:00",中度,965,38,200,100,6
1978,197808,范迪,WENDY,---,"1978-07-27 06:30
1978-07-30 10:00",中度,960,40,400,150,13
1978,197804,羅絲,ROSE,3,"1978-06-23 15:00
1978-06-25 05:00",輕度,993,20,150,---,7
1978,197802,歐莉芙,OLIVE,---,"1978-04-24 14:45
1978-04-26 04:00",中度,955,43,200,80,7
1977,197712,芙瑞達,FREDA,---,"1977-09-24 04:10
1977-09-24 15:00",輕度,980,28,200,50,3
1977,197710,黛納,DINAH,---,"1977-09-15 10:30
1977-09-17 05:00",中度,965,35,250,50,8
,,,,,"1977-09-18 16:00
1977-09-22 15:40",中度,965,33,250,50,17
1977,197708,寶佩,BABE,---,"1977-09-07 16:00
1977-09-09 15:30",強烈,910,65,350,150,9
1977,197707,愛美,AMY,7,"1977-08-18 22:00
1977-08-22 21:00",輕度,985,21,150,---,17
1977,197705,薇拉,VERA,2,"1977-07-28 21:30
1977-08-01 16:00",強烈,930,55,200,50,16
1977,197704,賽洛瑪,THELMA,7,"1977-07-22 22:00
1977-07-25 21:30",中度,950,40,250,70,13
1977,197702,魯絲,RUTH,---,"1977-06-15 16:30
1977-06-17 08:30",輕度,980,30,150,50,8
1976,197623,瑪芝,MARGE,---,"1976-11-08 16:00
1976-11-10 09:30",中度,975,33,100,30,8
1976,197622,魯依絲,LOUISE,---,"1976-11-03 16:00
1976-11-05 21:50",強烈,895,68,300,100,10
1976,197620,艾瑞絲,IRIS,---,"1976-09-16 10:30
1976-09-18 05:00",中度,975,35,200,50,8
1976,197617,芙安,FRAN,---,"1976-09-07 16:00
1976-09-09 15:00",強烈,910,68,400,100,9
1976,197615,戴特,DOT,---,"1976-08-20 05:30
1976-08-21 09:30",輕度,990,23,150,---,6
1976,197613,畢莉,BILLIE,2,"1976-08-08 21:30
1976-08-10 15:00",強烈,910,55,300,150,8
1976,197607,魯碧,RUBY,---,"1976-06-27 16:30
1976-06-30 10:30",中度,935,33,180,30,12
1975,197516,芙勞西,FLOSSIE,---,"1975-10-21 21:15
1975-10-22 15:06",輕度,970,30,200,70,3
1975,197515,艾爾西,ELSIE,5,"1975-10-11 09:30
1975-10-13 20:30",強烈,990,70,200,50,10
1975,197512,貝蒂,BETTY,4,"1975-09-21 09:30
1975-09-23 21:30",中度,950,45,250,100,11
1975,197504,婀拉,ORA,---,"1975-08-10 17:00
1975-08-12 16:00",中度,970,35,250,50,8
1975,197503,妮娜,NINA,2,"1975-08-02 09:00
1975-08-04 05:00",強烈,900,65,250,90,8
1974,197428,葛樂禮,GLORIA,---,"1974-11-05 21:30
1974-11-09 05:30",強烈,930,55,300,100,12
1974,197426,艾琳,ELAINE,---,"1974-10-27 21:30
1974-10-29 09:40",強烈,940,51,300,80,4
1974,197425,黛拉,DELLA,---,"1974-10-23 10:40
1974-10-24 15:40",中度,960,40,150,50,4
1974,197423,貝絲,BESS,5,"1974-10-10 22:30
1974-10-12 22:00",中度,970,38,300,150,5
1974,197421,范迪,WENDY,6,"1974-09-26 16:30
1974-09-29 10:30",輕度,980,30,150,30,12
1974,197413,露西,LUCY,---,"1974-08-09 22:40
1974-08-10 22:30",輕度,994,20,120,---,5
1974,197411,琴恩,JEAN,2,"1974-07-18 16:50
1974-07-19 22:00",輕度,995,25,80,---,6
1974,197406,鶯瑪,EMMA,---,"1974-06-15 22:30
1974-06-17 15:30",輕度,985,28,150,---,5
1973,197317,白西,PATSY,---,"1973-10-11 10:30
1973-10-12 15:30",強烈,890,65,300,100,4
1973,197315,娜拉,NORA,7,"1973-10-07 22:30
1973-10-10 15:00",強烈,875,63,350,150,12
1973,197311,瓊安,JOAN,---,"1973-08-19 21:00
1973-08-20 22:00",輕度,990,23,150,---,5
1973,197307,芙安,FRAN,---,"1973-07-29 16:00
1973-07-30 14:30",輕度,1000,18,90,---,3
1973,197303,畢莉,BILLIE,---,"1973-07-13 15:30
1973-07-17 09:40",強烈,920,60,220,100,14
1973,197301,魏達,WILDA,7,"1973-07-02 10:30
1973-07-03 22:00",輕度,980,28,200,---,6
1972,197213,貝蒂,BETTY,1,"1972-08-14 21:30
1972-08-17 14:30",強烈,910,65,400,300,11
1972,197211,溫妮,WINNIE,---,"1972-08-01 08:00
1972-08-02 06:00",輕度,990,18,60,---,4
1972,197208,蘇珊,SUSAN,---,"1972-07-11 14:10
1972-07-13 10:40",中度,980,35,250,---,7
1972,197207,莉泰,RITA,---,"1972-07-22 11:00
1972-07-24 10:20",中度,910,33,250,100,9
1971,197127,貝絲,BESS,2,"1971-09-20 21:30
1971-09-23 10:30",強烈,905,65,300,200,10
1971,197126,艾妮絲,AGNES,3,"1971-09-17 10:10
1971-09-19 15:30",中度,975,33,200,---,10
1971,197118,娜定,NADINE,4,"1971-07-24 10:20
1971-07-26 21:00",強烈,900,70,350,200,11
1971,197116,露西,LUCY,5,"1971-07-18 22:30
1971-07-21 22:30",強烈,915,55,350,150,11
1971,197106,寶佩,BABE,---,"1971-05-05 10:30
1971-05-06 10:30",輕度,990,25,---,---,3
1970,197015,芙安,FRAN,1,"1970-09-06 10:40
1970-09-07 16:00",輕度,975,25,200,---,6
1970,197009,魏達,WILDA,---,"1970-08-10 10:30
1970-08-12 10:20",中度,940,40,300,---,5
1970,197002,歐加,OLGA,---,"1970-07-01 10:30
1970-07-03 21:30",強烈,904,55,200,---,8
1969,196912,芙勞西,FLOSSIE,6,"1969-09-30 22:00
1969-10-03 22:30",中度,946,33,200,---,14
1969,196911,艾爾西,ELSIE,2,"1969-09-25 16:00
1969-09-27 15:40",強烈,895,65,400,---,9
1969,196909,寇拉,CORA,---,"1969-08-18 10:20
1969-08-19 15:20",中度,934,40,250,---,5
1969,196908,貝蒂,BETTY,1,"1969-08-07 09:40
1969-08-08 21:20",中度,973,35,150,---,7
1969,196906,溫妮,WINNIE,---,"1969-07-31 10:20
1969-08-01 10:10",輕度,984,25,100,---,3
1969,196905,衛歐拉,VIOLA,5,"1969-07-25 10:20
1969-07-28 21:20",強烈,895,60,350,---,12
1968,196817,艾琳,ELAINE,5,"1968-09-27 10:20
1968-10-01 10:20",強烈,910,60,400,---,16
1968,196816,黛拉,DELLA,---,"1968-09-21 16:30
1968-09-22 21:30",強烈,930,51,250,---,4
1968,196812,范迪,WENDY,5,"1968-09-02 22:00
1968-09-07 22:00",中度,915,45,300,---,19
1968,196809,雪莉,SHIRLEY,---,"1968-08-18 21:40
1968-08-21 10:00",輕度,955,30,250,---,6
1968,196808,玻莉,POLLY,---,"1968-08-14 10:00
1968-08-15 21:20",輕度,965,30,150,---,4
1968,196807,羅絲,ROSE,---,"1968-08-10 11:00
1968-08-11 21:20",輕度,968,30,200,---,4
1968,196805,娜定,NADINE,---,"1968-07-22 22:00
1968-07-26 22:10",輕度,960,25,200,---,14
,,,,,"1968-07-28 12:30
1968-07-28 21:50",輕度,960,25,100,---,3
1967,196733,吉達,GILDA,3,"1967-11-15 22:10
1967-11-18 21:40",強烈,910,60,400,---,12
1967,196730,黛納,DINAH,---,"1967-10-24 22:40
1967-10-26 16:00",中度,950,45,350,---,7
1967,196729,解拉,CARLA,5,"1967-10-15 22:30
1967-10-18 22:00",強烈,900,60,400,---,11
1967,196719,娜拉,NORA,2,"1967-08-28 22:40
1967-08-30 10:20",中度,982,33,200,---,11
1967,196718,瑪芝,MARGE,---,"1967-08-26 22:20
1967-08-30 10:20",強烈,935,60,200,---,11
1967,196708,葛萊拉,CLARA,3,"1967-07-09 10:30
1967-07-12 09:10",中度,960,40,200,---,11
1967,196707,畢莉,BILLIE,---,"1967-07-04 22:30
1967-07-07 10:20",中度,980,35,200,---,6
1967,196706,艾妮達,ANITA,---,"1967-06-27 23:20
1967-06-30 10:30",中度,972,35,250,---,9
1967,196704,衛萊特,VIOLET,---,"1967-04-07 10:40
1967-04-11 16:20",強烈,930,51,250,---,12
1966,196622,海倫,HELEN,---,"1966-09-20 16:00
1966-09-22 15:40",輕度,978,25,200,---,6
1966,196619,艾爾西,ELSIE,9,"1966-09-14 15:50
1966-09-17 05:00",強烈,943,51,200,---,6
1966,196617,寇拉,CORA,1,"1966-09-03 22:20
1966-09-07 10:30",強烈,917,60,200,---,15
1966,196615,艾麗絲,ALICE,---,"1966-09-01 22:30
1966-09-03 21:55",中度,936,40,150,---,7
1966,196612,蒂絲,TESS,1,"1966-08-14 16:50
1966-08-17 10:00",中度,965,38,200,---,10
1966,196611,蘇珊,SUSAN,---,"1966-08-14 16:50
1966-08-17 10:00",中度,985,35,100,---,10
1966,196607,妮娜,NINA,---,"1966-07-18 09:00
1966-07-19 15:30",中度,995,35,150,---,7
1966,196606,瑪美,MAMIE,---,"1966-07-16 15:40
1966-07-17 10:00",中度,993,35,100,---,3
1966,196603,裘迪,JUDY,9,"1966-05-28 10:30
1966-05-31 10:00",中度,970,40,150,---,12
1966,196602,伊瑪,IRMA,---,"1966-05-19 22:10
1966-05-21 10:10",中度,960,40,150,---,4
1965,196533,費依,FAYE,---,"1965-11-23 23:00
1965-11-24 22:30",強烈,930,65,---,---,3
1965,196525,崔絲,TRIX,---,"1965-09-14 23:00
1965-09-16 10:00",強烈,930,60,---,---,4
1965,196523,羅絲,ROSE,---,"1965-09-01 23:00
1965-09-03 22:00",中度,990,45,---,---,5
1965,196519,瑪麗,MARY,2,"1965-08-17 10:00
1965-08-19 21:50",強烈,950,75,---,---,9
1965,196516,琴恩,JEAN,---,"1965-08-01 22:20
1965-08-04 21:45",強烈,950,55,250,---,7
1965,196515,艾葳,IVY,---,"1965-07-28 22:35
1965-07-30 09:45",中度,990,35,200,---,4
1965,196514,哈莉,HARRIET,4,"1965-07-24 22:50
1965-07-27 09:40",強烈,970,51,300,---,11
1965,196512,芙瑞達,FREDA,---,"1965-07-12 16:30
1965-07-14 10:45",強烈,922,70,300,---,6
1965,196511,鶯瑪,EMMA,---,"1965-06-23 23:00
1965-06-25 22:00",輕度,990,30,120,---,8
1965,196510,黛納,DINAH,6,"1965-06-16 10:15
1965-06-19 10:15",強烈,932,65,200,---,12
1965,196508,寶佩,BABE,---,"1965-06-04 09:30
1965-06-04 22:10",中度,990,33,150,---,2
1964,196437,歐珀,OPAL,---,"1964-12-14 10:00
1964-12-15 10:20",強烈,920,75,450,---,3
1964,196426,戴特,DOT,---,"1964-10-09 16:30
1964-10-10 10:20",中度,972,35,150,---,3
1964,196420,蒂達,TILDA,---,"1964-09-14 10:40
1964-09-15 22:00",中度,970,45,150,---,8
1964,196419,沙莉,SALLY,---,"1964-09-07 16:20
1964-09-10 10:40",強烈,885,75,300,---,12
1964,196418,魯碧,RUBY,---,"1964-09-02 11:10
1964-09-04 10:20",中度,970,35,150,---,7
1964,196416,梅瑞,MARIE,---,"1964-08-16 23:00
1964-08-20 10:00",中度,980,35,200,---,13
1964,196414,凱西,KATHY,---,"1964-08-16 23:00
1964-08-20 10:00",強烈,945,55,250,---,13
1964,196413,裘恩,JUNE,---,"1964-08-11 23:30
1964-08-13 10:30",輕度,996,20,120,---,4
1964,196412,艾達,IDA,---,"1964-08-05 22:30
1964-08-08 10:10",強烈,925,65,300,---,8
1964,196409,芙勞西,FLOSSIE,---,"1964-07-26 22:20
1964-07-27 16:45",輕度,975,30,150,---,3
1964,196407,都麗絲,DORIS,---,"1964-07-13 22:30
1964-07-15 16:00",中度,980,40,200,---,7
1964,196405,貝蒂,BETTY,---,"1964-07-03 06:00
1964-07-05 11:00",中度,958,45,200,---,10
1964,196403,溫妮,WINNIE,---,"1964-06-28 22:40
1964-06-30 10:20",中度,950,45,350,---,4
1964,196402,衛歐拉,VIOLA,---,"1964-05-26 16:20
1964-05-27 22:10",中度,980,33,250,---,4
1963,196314,葛樂禮,GLORIA,1,"1963-09-08 11:00
1963-09-12 10:30",強烈,920,68,400,---,15
1963,196313,費依,FAYE,---,"1963-09-03 22:00
1963-09-05 22:10",強烈,960,51,300,---,8
1963,196308,艾妮絲,AGNES,---,"1963-07-19 10:10
1963-07-21 16:00",中度,995,43,200,---,8
1963,196307,范迪,WENDY,2,"1963-07-14 10:50
1963-07-17 09:40",強烈,930,65,300,---,11
1963,196305,崔絲,TRIX,---,"1963-06-27 22:30
1963-07-01 22:10",中度,985,33,300,---,16
1963,196304,雪莉,SHIRLEY,---,"1963-06-16 11:00
1963-06-18 23:00",強烈,935,60,300,---,7
1963,196303,羅絲,ROSE,---,"1963-06-08 16:30
1963-06-11 22:40",輕度,995,25,150,---,8
1962,196226,凱倫,KAREN,---,"1962-11-13 22:25
1962-11-15 21:55",強烈,---,70,400,---,7
1962,196222,吉達,GILDA,---,"1962-10-25 22:20
1962-10-27 21:50",強烈,---,53,350,---,5
1962,196219,黛納,DINAH,5,"1962-10-01 07:30
1962-10-03 22:00",強烈,950,51,350,---,12
1962,196216,愛美,AMY,2,"1962-09-01 16:15
1962-09-06 09:45",強烈,910,70,400,---,19
1962,196215,萬達,WANDA,5,"1962-08-28 22:30
1962-08-31 21:40",中度,945,48,350,---,11
1962,196212,莎拉,SARAH,---,"1962-08-15 20:00
1962-08-19 10:00",強烈,---,55,150,---,16
1962,196209,歐珀,OPAL,2,"1962-08-03 10:00
1962-08-06 22:00",強烈,905,75,350,---,12
1962,196208,娜拉,NORA,---,"1962-07-29 10:15
1962-08-01 15:40",中度,---,35,400,---,10
1962,196205,凱蒂,KATE,6,"1962-07-19 17:00
1962-07-23 21:50",中度,965,38,200,---,18
1962,196204,瓊安,JOAN,---,"1962-07-07 22:30
1962-07-09 22:00",中度,---,40,200,---,5
1962,196203,艾瑞絲,IRIS,---,"1962-05-28 07:30
1962-05-29 10:00",中度,---,33,100,---,4
1962,196202,賀普,HOPE,---,"1962-05-19 10:00
1962-05-20 15:25",中度,---,33,200,---,6
1961,196123,蒂達,TILDA,---,"1961-10-01 22:00
1961-10-04 10:00",強烈,925,65,400,---,11
1961,196122,沙莉,SALLY,4,"1961-09-26 22:30
1961-09-29 11:00",中度,980,40,300,---,10
1961,196120,波密拉,PAMELA,2,"1961-09-11 10:00
1961-09-12 22:00",強烈,915,65,250,---,7
1961,196118,南施,NANCY,---,"1961-09-13 11:30
1961-09-15 10:30",強烈,846,100,650,---,7
1961,196116,勞娜,LORNA,4,"1961-08-23 22:30
1961-08-26 10:30",強烈,947,60,300,---,9
1961,196114,裘恩,JUNE,2,"1961-08-04 23:00
1961-08-08 11:30",中度,960,50,150,---,12
1961,196110,芙勞西,FLOSSIE,---,"1961-07-16 23:30
1961-07-19 11:00",輕度,992,20,150,---,6
1961,196109,艾爾西,ELSIE,5,"1961-07-13 00:30
1961-07-15 10:00",中度,975,45,150,---,9
1961,196108,都麗絲,DORIS,---,"1961-06-30 11:00
1961-07-01 23:00",輕度,990,20,150,---,5
1961,196104,貝蒂,BETTY,6,"1961-05-24 18:00
1961-05-27 22:00",強烈,945,60,300,---,13
1961,196103,艾麗絲,ALICE,---,"1961-05-19 10:30
1961-05-20 23:00",中度,985,40,250,---,4
1960,196018,葛樂禮,GLORIA,---,"1960-09-02 13:00
1960-09-03 12:00",輕度,1002,18,100,---,3
1960,196015,艾琳,ELAINE,特殊,"1960-08-20 18:00
1960-08-24 23:00",中度,975,40,150,---,18
1960,196014,卡門,CARMEN,---,"1960-08-16 00:00
1960-08-20 18:00",中度,975,35,200,---,10
1960,196012,艾妮絲,AGNES,2,"1960-08-13 13:00
1960-08-15 12:00",輕度,994,25,200,---,6
1960,196009,崔絲,TRIX,1,"1960-08-07 00:00
1960-08-09 11:00",強烈,930,60,300,---,9
1960,196008,雪莉,SHIRLEY,2,"1960-07-30 00:00
1960-08-02 17:00",強烈,920,55,250,---,15
1960,196006,玻莉,POLLY,---,"1960-07-18 13:00
1960-07-21 10:00",中度,950,40,250,---,12
,,,,,"1960-07-22 00:00
1960-07-27 10:00",強烈,950,55,300,---,13
1960,196005,歐莉芙,OLIVE,---,"1960-06-26 00:00
1960-06-30 00:00",中度,950,45,200,---,9
1960,196004,娜定,NADINE,---,"1960-06-05 00:00
1960-06-06 13:00",中度,985,35,250,---,4
1960,196003,瑪麗,MARY,9,"1960-06-07 01:00
1960-06-11 12:00",中度,980,35,300,---,11
1960,196001,凱倫,KAREN,---,"1960-04-25 18:00
1960-04-27 00:00",輕度,990,25,150,---,4
1959,195921,芙瑞達,FREDA,6,"1959-11-17 12:00
1959-11-19 23:00",中度,945,40,250,---,9
1959,195920,鶯瑪,EMMA,---,"1959-11-10 23:00
1959-11-13 12:00",中度,960,45,250,---,6
1959,195918,夏綠蒂,CHARLOTTE,---,"1959-10-12 11:00
1959-10-16 23:00",強烈,905,55,250,---,15
1959,195917,巴布絲,BABS,8,"1959-10-08 00:00
1959-10-09 22:00",輕度,1000,18,150,---,9
1959,195916,愛美,AMY,---,"1959-10-03 18:00
1959-10-06 12:00",中度,990,35,250,---,8
1959,195914,莎拉,SARAH,---,"1959-09-14 00:00
1959-09-16 23:00",強烈,905,60,400,---,11
1959,195912,娜拉,NORA,---,"1959-09-08 00:00
1959-09-09 18:00",輕度,990,18,150,---,5
,,,,,"1959-09-11 09:00
1959-09-12 12:00",輕度,990,25,200,---,4
1959,195911,魯依絲,LOUISE,3,"1959-09-02 01:00
1959-09-05 12:00",中度,965,45,250,---,12
1959,195910,凱蒂,KATE,---,"1959-08-26 18:00
1959-08-28 12:00",輕度,998,20,150,---,4
1959,195909,瓊安,JOAN,3,"1959-08-28 12:00
1959-08-31 12:00",強烈,885,75,600,---,13
1959,195908,艾瑞絲,IRIS,5,"1959-08-20 18:00
1959-08-23 12:00",中度,960,45,250,---,12
1959,195906,艾倫,ELLEN,---,"1959-08-04 00:00
1959-08-06 00:00",中度,965,45,300,---,6
1959,195905,畢莉,BILLIE,1,"1959-07-13 00:00
1959-07-16 18:00",中度,965,45,300,---,11
1959,195904,魏達,WILDA,---,"1959-07-04 23:00
1959-07-06 12:00",輕度,995,25,150,---,4
1958,195814,海倫,HELEN,---,"1958-09-12 00:00
1958-09-15 12:00",強烈,920,55,300,---,8
1958,195813,葛瑞絲,GRACE,1,"1958-09-01 12:00
1958-09-04 23:00",強烈,910,75,350,---,13
1958,195807,溫妮,WINNIE,3,"1958-07-13 12:00
1958-07-17 00:00",強烈,925,50,350,---,12
1958,195805,蒂絲,TESS,---,"1958-07-05 00:00
1958-07-06 00:00",中度,995,30,150,---,3
